,words
0,personalized
1,internet
2,assessor
3,kannada
4,language
5,professional
6,copy
7,writer
8,customer
9,support
10,executive
11,-
12,accounts
13,administration
14,office
15,assistant
16,payable
17,trainee
18,store
19,intern
20,finance
21,&
22,officer
23,care
24,(0
25,2
26,years)
27,administrator
28,data
29,associate
30,front
31,record
32,accounting
33,administrative
34,business
35,document
36,controller
37,project
38,company
39,secretary
40,service
41,voice
42,desk
43,verification
44,qa
45,coordinator
46,system
47,receptionist
48,representative
49,/
50,admin
51,client
52,corporate
53,sales
54,talent
55,delivery
56,inside
57,processing
58,site
59,supervisor
60,quality
61,technician
62,operations
63,sr.
64,mis
65,cum
66,process
67,operator
68,team
69,internship
70,non
71,design
72,auditor
73,logistics
74,research
75,center
76,bangalore
77,incharge
78,learning
79,maintenance
80,personal
81,content
82,analytics
83,home
84,warehouse
85,public
86,admission
87,interior
88,acquisition
89,relations
90,junior
91,billing
92,immediate
93,opening
94,entry
95,â€“
96,account
97,marketing
98,regulatory
99,guest
100,relationship
101,servicing
102,security
103,requirement
104,desktop
105,designer
106,boy
107,computer
108,purchase
109,production
110,services
111,audit
112,recruiter
113,faculty
114,manual
115,cashier
116,job
117,bpo
118,openings
119,network
120,editor
121,international
122,advisor
123,@
